execution_id,organization,repository,branch,commit_sha,pull_request_number,overall_score,risk,status,summary,error_message,logged_at
6,,,,,,0,,error,Workflow failed: AI GitHub Code Review System,[Run Reviewer Agents] Error executing workflow with item at index 0,2026-07-18T16:21:50.831Z
8,MohammedElmasry456,E-commerec-NodeJs,master,f698495ceb5b93163373a760a2351d88eaac7758,,0,Unknown,success,"The recent multi-agent code review yielded an overall score of 'Unknown' due to an incomplete AI review process. This indicates a potential risk in assessing the quality and security of the codebase. With nine reviewers involved, no significant issues or positive findings were reported, highlighting a lack of actionable insights. The absence of concrete recommendations suggests that further manual review may be necessary to identify critical areas for improvement. It is essential to address the factors that led to the AI review failure to ensure future assessments are thorough. Overall, the current state presents a risk to project timelines and deliverables. Immediate attention is required to understand the underlying issues affecting the review process.",,2026-07-18T16:22:51.939Z
18,MohammedElmasry456,E-commerec-NodeJs,master,f698495ceb5b93163373a760a2351d88eaac7758,,61,High,success,"The overall quality of the code is concerning, with an average score of 61 and high risk and technical debt. Critical issues include missing logic for handling webhook events, particularly the 'checkout.session.completed' event, which could lead to significant functionality gaps. There are also serious deficiencies in testing coverage, with no unit or integration tests for the webhook handler. Security vulnerabilities exist due to a lack of input validation and error handling, which could expose the system to attacks. The code violates several design principles, including Single Responsibility and Dependency Inversion, making it harder to maintain and test. Immediate attention is required to address these issues to mitigate risks and improve code quality.",,2026-07-18T16:35:37.186Z
28,MohammedElmasry456,E-commerec-NodeJs,master,f698495ceb5b93163373a760a2351d88eaac7758,,59,High,success,"The codebase exhibits significant quality issues with a composite score of 59/100, indicating substantial technical debt and high risk. Critical gaps include missing order creation logic in the Stripe webhook handler (`checkoutWebhook`), complete lack of unit/integration tests, and violations of core design principles (SRP, DIP). Security concerns include absent input validation, sensitive data exposure in logs, and insecure webhook signature handling. High-severity issues span missing error handling, no transactional safeguards, and unhandled Stripe event types. The database score (30/100) reflects atomicity and idempotency failures. Immediate action is required to prevent production failures, data inconsistencies, and security vulnerabilities.",,2026-07-18T16:38:11.106Z
38,MohammedElmasry456,E-commerec-NodeJs,master,6a08b4039220eb10475580c117ce1963144ca363,,100,Low,success,"The code change is a minimal and isolated update to a response message string ('hello world' to 'hello my world'), introducing no architectural, design, or SOLID principle violations. All scores are perfect (100/100) with low risk and technical debt, affirming the change's safety. No critical, high, medium, or low severity issues were detected. However, two minor recommendations were made: ensure consistency in response messages across all endpoints and consider adding a version identifier for future API versioning. The change maintains system stability, preserves middleware (e.g., CORS, compression), and introduces no new dependencies or testing concerns.",,2026-07-18T16:42:20.134Z
48,MohammedElmasry456,E-commerce-System,main,c03a3be9014658fa820710a63f22d538bed38b05,,77,Medium,success,"The codebase shows a medium-risk profile with critical security flaws in the authentication flow, particularly in Pages/Login/login.js. Key issues include storing sensitive data in localStorage, plaintext password comparison, and entirely client-side authentication logic, which expose the system to XSS and brute force attacks. While the removal of login.js aligns with architectural improvements, its replacement must adhere to security best practices like server-side validation, password hashing, and secure session management. The overall quality is moderate, with strong scores in architecture and testing offset by severe security and database vulnerabilities. Immediate remediation is required to mitigate risks.",,2026-07-18T16:46:04.173Z
58,MohammedElmasry456,restaurant-website-group4,main,5cc8ebd78da3a900831febfaa0d22dc7115140da,,100,Low,success,"The code review for the README.md addition was thoroughly conducted across 9 reviewers, with all scores (architecture, SOLID, security, performance, quality, database, testing, API) achieving a perfect 100% rating. No risks, technical debt, or issues were identified, and the change introduces no security, performance, or functional concerns. The addition of README.md is a positive step for project documentation, onboarding, and collaboration, with clear project descriptions and purpose explicitly stated. The diff is minimal, non-disruptive, and adheres to best practices, ensuring no impact on existing functionality or tests.",,2026-07-18T17:26:50.009Z
68,MohammedElmasry456,E-commerce-System,main,c03a3be9014658fa820710a63f22d538bed38b05,,71,Medium,success,"The codebase exhibits critical security flaws in authentication, with client-side logic and localStorage usage exposing the system to OWASP ASVS violations and attack vectors like XSS and privilege escalation. Overall quality scores (e.g., security at 20, testing at 10) highlight systemic gaps in testing coverage and secure practices. Key risks include insecure credential storage, lack of rate limiting, and hardcoded paths/values, while architectural and performance scores remain strong. Immediate remediation is required to migrate authentication to server-side, enforce secure session management (e.g., HTTP-only cookies), and implement comprehensive testing (unit, integration, E2E). Technical debt is medium due to unresolved security gaps and deprecated file removal without test coverage. Prioritize addressing critical issues to mitigate breaches and maintain compliance.",,2026-07-18T18:21:09.741Z
78,MohammedElmasry456,E-commerce-System,main,c03a3be9014658fa820710a63f22d538bed38b05,,56,High,success,"The codebase exhibits critical security and architectural risks, primarily centered around the login functionality. The removal of the client-side login.js file without a secure replacement has introduced high-risk vulnerabilities, including sensitive data exposure via localStorage, plaintext password storage, and authentication bypass opportunities. The overall score of 56 reflects poor security (10/100) and testing (10/100) practices, with no unit/integration tests for critical login logic. Immediate action is required to restore secure authentication, migrate to server-side validation, and implement robust testing. The high technical debt and risk levels necessitate a full audit of the authentication system and refactoring to adhere to SOLID principles, dependency injection, and separation of concerns.",,2026-07-21T14:50:56.083Z
88,MohammedElmasry456,E-commerce-System,main,c03a3be9014658fa820710a63f22d538bed38b05,,72,Medium,success,"The codebase scores a 72% overall due to critical security gaps and broken functionality. Client-side authentication, plaintext password storage, and sensitive data in localStorage expose the system to XSS and brute-force attacks. The removal of the login.js file without replacement has entirely broken login functionality, leaving no unit or integration tests to validate behavior. While architectural and performance scores are perfect, the security (10%) and testing (0%) scores indicate urgent remediation. Medium technical debt and risk levels are driven by lack of rate limiting, hardcoded role redirects, and poor testability. Immediate action is required to restore secure authentication, sanitize inputs, and implement comprehensive testing to prevent production failures.",,2026-07-21T17:23:51.005Z
98,MohammedElmasry456,E-commerce-System,main,c03a3be9014658fa820710a63f22d538bed38b05,,61,High,success,"The codebase exhibits critical architectural and security flaws, particularly in authentication and DOM manipulation. The removal of the monolithic login.js file is a positive step toward refactoring, but the absence of server-side authentication logic introduces high security risks. Key issues include violations of SOLID principles, lack of separation of concerns, and insecure usage of localStorage for sensitive data. The overall code quality scores poorly for architecture (0) and SOLID compliance (10), while security risks are high due to potential XSS vulnerabilities and improper session management. Immediate refactoring is required to decouple authentication logic, enforce server-side validation, and implement secure storage mechanisms. Failure to address these risks could lead to unauthorized access, data breaches, or maintainability challenges.",,2026-07-23T14:19:26.981Z
108,MohammedElmasry456,E-commerce-System,main,c03a3be9014658fa820710a63f22d538bed38b05,,64,High,success,"The codebase faces critical security and architectural risks due to client-side authentication logic, including storing credentials in localStorage and violating core design principles (e.g., SOLID). While the removal of `login.js` eliminates some risks, it introduces gaps in functionality and lacks replacements or tests. Scores in architecture (100) and performance (100) are high, but security (20), testing (10), and SOLID compliance (10) are concerning. High technical debt and risk stem from hardcoded dependencies, tight coupling, and missing authentication validations. Immediate action is required to migrate authentication to the server-side, refactor coupled components, and restore testing coverage.",,2026-07-23T14:24:57.788Z